-- MySQL dump 10.13  Distrib 5.6.31, for debian-linux-gnu (x86_64)
--
-- Host: 52.39.41.242    Database: oms_schema
-- ------------------------------------------------------
-- Server version	5.5.49-0ubuntu0.14.04.1

/*!40101 SET @OLD_CHARACTER_SET_CLIENT=@@CHARACTER_SET_CLIENT */;
/*!40101 SET @OLD_CHARACTER_SET_RESULTS=@@CHARACTER_SET_RESULTS */;
/*!40101 SET @OLD_COLLATION_CONNECTION=@@COLLATION_CONNECTION */;
/*!40101 SET NAMES utf8 */;
/*!40103 SET @OLD_TIME_ZONE=@@TIME_ZONE */;
/*!40103 SET TIME_ZONE='+00:00' */;
/*!40014 SET @OLD_UNIQUE_CHECKS=@@UNIQUE_CHECKS, UNIQUE_CHECKS=0 */;
/*!40014 SET @OLD_FOREIGN_KEY_CHECKS=@@FOREIGN_KEY_CHECKS, FOREIGN_KEY_CHECKS=0 */;
/*!40101 SET @OLD_SQL_MODE=@@SQL_MODE, SQL_MODE='NO_AUTO_VALUE_ON_ZERO' */;
/*!40111 SET @OLD_SQL_NOTES=@@SQL_NOTES, SQL_NOTES=0 */;

--
-- Table structure for table `areas_table`
--

DROP TABLE IF EXISTS `areas_table`;
/*!40101 SET @saved_cs_client     = @@character_set_client */;
/*!40101 SET character_set_client = utf8 */;
CREATE TABLE `areas_table` (
  `id` int(11) NOT NULL AUTO_INCREMENT,
  `nombre_area` text NOT NULL,
  `descripcion_area` text,
  `createdAt` timestamp NULL DEFAULT NULL,
  `updatedAt` timestamp NULL DEFAULT NULL,
  `type` tinyint(4) NOT NULL,
  `deadline_proyecto` date DEFAULT NULL,
  PRIMARY KEY (`id`)
) ENGINE=InnoDB AUTO_INCREMENT=24 DEFAULT CHARSET=latin1;
/*!40101 SET character_set_client = @saved_cs_client */;

--
-- Dumping data for table `areas_table`
--

LOCK TABLES `areas_table` WRITE;
/*!40000 ALTER TABLE `areas_table` DISABLE KEYS */;
INSERT INTO `areas_table` VALUES (2,'GE - Planeación Estratégica',NULL,'2016-07-19 19:38:25','2016-07-19 19:38:25',1,NULL),(3,'GE - Marca y Comunicaciones',NULL,'2016-07-19 19:38:40','2016-07-19 20:57:21',1,NULL),(4,'GE - Desarrollo Social y Fundraising',NULL,'2016-07-19 19:39:00','2016-08-16 15:40:51',1,NULL),(5,'GO - Mantenimiento y Maquinaria',NULL,'2016-07-19 19:39:15','2016-08-13 13:45:09',1,NULL),(6,'GE - Re-localización Ibagué','','2016-07-19 19:39:42','2016-08-08 16:06:17',2,'2016-12-30'),(7,'GE - Sistema de Información OMS',NULL,'2016-07-19 19:40:07','2016-07-19 19:40:17',2,'2016-10-28'),(8,'GE - Legal y Auditoría Interna',NULL,'2016-07-19 20:14:40','2016-07-19 20:14:40',1,NULL),(9,'GF - Gestión Financiera ',NULL,'2016-07-24 22:45:27','2016-08-11 15:20:53',1,NULL),(10,'GFA - Gestión Humana','','2016-07-31 20:58:57','2016-08-08 16:30:19',1,NULL),(12,'GC - Ventas Internacionales + Logística',NULL,'2016-07-31 22:06:04','2016-07-31 22:06:04',1,NULL),(13,'PP - Gestión Tecnica, Tecnológica e Investigación',NULL,'2016-08-08 17:13:59','2016-08-08 17:14:06',1,NULL),(14,'PP - Gestión Financiera & Desarrollo Organizacional',NULL,'2016-08-08 17:14:32','2016-08-08 17:14:32',1,NULL),(15,'GO - Procesamiento & Calidad',NULL,'2016-08-08 17:15:41','2016-08-08 17:15:41',1,NULL),(16,'GC - Ventas Nacionales + Iberoamérica (JustFruit)',NULL,'2016-08-09 17:43:39','2016-08-09 17:43:39',1,NULL),(17,'GAF - NIIF',NULL,'2016-08-10 11:29:14','2016-08-10 11:29:44',2,'2016-11-30'),(18,'GA- Gestión Administrativa',NULL,'2016-08-11 15:22:22','2016-08-11 15:22:22',1,NULL),(19,'PP-  Lote Posterior',NULL,'2016-08-11 15:25:31','2016-08-11 15:25:31',2,NULL),(20,'PP- colombia Responde',NULL,'2016-08-11 15:26:31','2016-08-11 15:26:31',2,NULL),(21,'GE- Nuevos Productos','El interés de este proyecto es el de agregar valor a los productos y subproductos que se generan en Fruandes; El proyecto se compone de diferentes sub-proyectos, (Sin embargo el planteamiento para el 2016 es de principalmente salida al mercado con los primeros 2 productos):   Productos deshidratados cubiertos con chocolate: Este proyecto tiene como objetivo utilizar la fruta deshidratada de segunda que se genera en los procesos, picarla hasta un tamaño ideal para bocado y posteriormente mediante la alianza de maquila con terceros y aliados estratégicos realizar el proceso de cobertura con chocolate orgánico; Compotas y mermeladas: Este proyecto nace por iniciativa de uno de nuestros clientes internacionales (Nathalie´s Direct Trade) para realizar el proceso de maquila de mermeladas inicialmente de dos sabores Uchuva y Mango-Maracuyá utilizando la fruta de nuestros proveedores; Barras de fruta: Posiblemente con fruta deshidratada y nueces y/ú otros granos; Infusiones aromáticas: Producto para realizar infusiones aromáticas hechas de mezclas de fruta orgánica deshidratada y hierbas aromáticas. Productos deshidratados + Nueces: Realizar mezclas de nuestra fruta con nueces orgánicas. Fruta en tela: Como opción para utilización de pulpas generadas en proceso.','2016-08-11 22:04:28','2016-08-13 18:26:33',2,'2016-12-31'),(22,'GE- Carbono Neutro- Residuo Cero',NULL,'2016-08-11 22:07:02','2016-08-11 22:07:25',2,'2016-12-31'),(23,'GE- Empaque Biodegradable','\"Fruandes tiene un gran interés en cerrar el ciclo de vida de los productos, es decir: Además de ofrecer una experiencia de sabor y Alimentación saludable que invita a asumir responsabilidad (Social y ambiental) Se cierra el ciclo de vida del producto al ofrecer al cliente final la posibilidad de poder desecharlo y reciclarlo en un proceso de descomposición química. En compostaje o en lugares apropiados para su disposición. \"				','2016-08-11 22:08:01','2016-08-13 18:39:29',2,'2016-12-31');
/*!40000 ALTER TABLE `areas_table` ENABLE KEYS */;
UNLOCK TABLES;

--
-- Table structure for table `comentarios_areas_table`
--

DROP TABLE IF EXISTS `comentarios_areas_table`;
/*!40101 SET @saved_cs_client     = @@character_set_client */;
/*!40101 SET character_set_client = utf8 */;
CREATE TABLE `comentarios_areas_table` (
  `id` int(11) NOT NULL AUTO_INCREMENT,
  `area_id` int(11) DEFAULT NULL,
  `meta_id` int(11) DEFAULT NULL,
  `tarea_id` int(11) DEFAULT NULL,
  `usuario_id` int(11) DEFAULT NULL,
  `createdAt` timestamp NULL DEFAULT NULL,
  `updatedAt` timestamp NULL DEFAULT NULL,
  `is_active` tinyint(4) DEFAULT NULL,
  `comentario` varchar(400) NOT NULL,
  PRIMARY KEY (`id`)
) ENGINE=InnoDB AUTO_INCREMENT=42 DEFAULT CHARSET=latin1;
/*!40101 SET character_set_client = @saved_cs_client */;

--
-- Dumping data for table `comentarios_areas_table`
--

LOCK TABLES `comentarios_areas_table` WRITE;
/*!40000 ALTER TABLE `comentarios_areas_table` DISABLE KEYS */;
INSERT INTO `comentarios_areas_table` VALUES (1,9,33,23,9,'2016-08-08 15:44:44','2016-08-08 15:44:44',NULL,'Estoy atento de decisión para ajuste del semestre '),(2,9,28,25,9,'2016-08-08 15:46:32','2016-08-08 15:46:32',NULL,'Se dejó el recordatorio respectivo en el Calendar de Fruandes. Además el tramite se puede hacer actualmente por Internet'),(3,9,30,26,9,'2016-08-08 15:47:40','2016-08-08 15:47:40',NULL,'Queda pendiente una ultima revisión de los presupuestos para su ejecución desde agosto hasta diciembre. La idea es realizarla esta semana con Javier'),(4,9,28,38,9,'2016-08-08 15:49:58','2016-08-08 15:49:58',NULL,'Se habló con Eduardo, el actual contador, quedando pendiente legalizar su salida una vez se legalice la figura de trabajo con el nuevo asesor Financiero'),(5,5,0,0,14,'2016-08-13 18:43:15','2016-08-13 18:43:15',NULL,'\"El interés de este proyecto es el de garantizar que tecnología para que Fruandes sea más eficiente, productivo, exista más bienestar sostenibilidad. El proyecto se divide en 4 Sub-proyectos entre los cuales se encuentran: Máquinas deshidratadoras: Se trata de gestionar los procesos de adquisición y puesta a punto de equipos para deshidratación de fruta que la empresa requiere según su crecimiento'),(6,4,21,30,7,'2016-08-15 17:10:44','2016-08-15 17:10:44',NULL,'Proyecto en ejecución hasta el 24 de Diciembre 2016'),(7,4,20,53,7,'2016-08-15 17:15:10','2016-08-15 17:15:10',NULL,'Hicimos una sesión donde se definieron estos temas (Javier, Giovanni, Janir, Edisson, Mabel, Jennifer)'),(8,12,42,102,13,'2016-08-16 01:11:58','2016-08-16 01:11:58',NULL,'* Desde el viernes se soltaron las cotizaciones a los proveedores, espero tenerlas a mas tardar el miércoles en la mañana, el viernes se enviaron las muestras a ATM.'),(9,12,42,102,13,'2016-08-16 01:12:20','2016-08-16 01:12:20',NULL,'* SEN ENVIÓ LOS DATOS DE LA PRIMERA COTIZACIÓN EL MIÉRCOLES 3 AGOSTO'),(10,12,42,103,13,'2016-08-16 01:21:27','2016-08-16 01:21:27',NULL,'* Las muestras se enviaron el viernes 29 de Julio como se evidencia en los comunicados con Chantelle'),(11,12,42,103,13,'2016-08-16 01:21:51','2016-08-16 01:21:51',NULL,'* Se solicitaron nuevas muestras de papel a Proempaques, hay que revisar esta semana.'),(12,12,42,103,13,'2016-08-16 01:23:34','2016-08-16 01:23:34',NULL,'Se recibió muestra de papel, se hablará con Javier para solicitar autorización de elaboración de 2 cilindros para pruebas ($ 500.000)'),(13,12,42,104,13,'2016-08-16 01:26:38','2016-08-16 01:26:38',NULL,'* se tiene programado para que el miércoles 3 de agosto estén listos los borradores para que pasemos por la oficina de los srs, de la dian y obtener un revisión por parte de ellos.'),(14,12,42,104,13,'2016-08-16 01:26:51','2016-08-16 01:26:51',NULL,'* Se inició tramites:Fruandes se realizó reunión con Dietrans para la actualización de los criterios, el lunes se debe enviar toda la información para que hagan la actualización. Panela se envió documentación a Asoproomac; Se apartó cita en la 	DIAN Aeropuerto con el sr, Libardo para hablar sobre la cert. OEA… Miércoles 10 7:30am. '),(15,12,42,104,13,'2016-08-16 01:29:33','2016-08-16 01:29:33',NULL,'10/08/2016 Se enviaron los formularios a Dietrans para creación  de Criterios: Mango, banano, piña, uchuva, pitaya; También se enviaron todos los documentos para creación de Asoproomac ante la Dian en exportaciones'),(16,12,42,104,13,'2016-08-16 01:31:32','2016-08-16 01:31:32',NULL,'10/08/2016 Se asistió a reunión con la Dian donde explicaron a groso modo el proceso para la acreditación como OEA. Para esto se deberá internamente en fruandes crear un proyecto a mediano plazo para aplicar a este tramite.'),(17,12,42,104,13,'2016-08-16 01:32:31','2016-08-16 01:32:31',NULL,'- Se deben enviar los formatos para la creación de mixturas y panela a Dietrans a mas tardar el miercoles 17 de Agosto.'),(18,12,42,105,13,'2016-08-16 01:35:33','2016-08-16 01:35:33',NULL,' Bolsa Just Fruit 30g: Se enviaron modificaciones a Empaflexco'),(19,12,42,105,13,'2016-08-16 01:35:55','2016-08-16 01:35:55',NULL,'* Bolsa Panela LGT 500g: Se está esperando respuesta de LGT; se debe solicitar el cambio en la información dl dorso para que quede empacado por: Frandes; y s debe aclarar si se debe colocar producido por: ASOPROOMAC'),(20,12,42,105,13,'2016-08-16 01:37:08','2016-08-16 01:37:08',NULL,'Bolsa Just Fruit 30g: se recibieron artes modificados de empaflexco, pero no realizaron todas las modificaciones, se volvió a solcitar los artes corregidos'),(21,12,42,105,13,'2016-08-16 01:39:26','2016-08-16 01:39:26',NULL,'* Bolsa Panela LGT 500g: se reenvió nuevo arte de LGT a Empaflexco; también se solicitó a LGT aclaración en la declaración de ingredientes.'),(22,12,37,106,13,'2016-08-16 01:42:12','2016-08-16 01:42:12',NULL,'*pendiente de comunicarme con Emily: se envió información a Emily y se llamó para confirmar y explicar lo que allí dice.'),(23,15,50,107,13,'2016-08-16 02:16:49','2016-08-16 02:16:49',NULL,'se enviará EL LUNES 8 DE AGOSTO '),(24,15,50,107,13,'2016-08-16 02:17:13','2016-08-16 02:17:13',NULL,'Se entregó hoy el reporte.'),(25,15,50,108,13,'2016-08-16 02:20:23','2016-08-16 02:20:23',NULL,'*PENDIENTE RETOMAR COTIZACIONES'),(26,15,50,109,13,'2016-08-16 02:22:11','2016-08-16 02:22:11',NULL,'* SE TIENE SELECCIONADA LA DE EMPAQUE A GRANEL SELLADORA VERTCAL, COSTOS ESTIMADO 2,5 MILLONES'),(27,15,50,109,13,'2016-08-16 02:24:52','2016-08-16 02:24:52',NULL,'se envi+o orden de compra, y se inició la producción de la selladora; también se compro una selladora temporal para soportar los procesos de sellado mientras llega la nueva selladora.'),(28,15,50,110,13,'2016-08-16 02:28:00','2016-08-16 02:28:00',NULL,'* sigue requiriendo información y se le sigue respondiendo.; - se recibió correo donde informan que pasa a etapa de evaluación.'),(29,12,42,112,13,'2016-08-16 02:31:45','2016-08-16 02:31:45',NULL,'* Es solo medidas de las cajas… está pendiente. '),(30,12,42,112,13,'2016-08-16 02:33:32','2016-08-16 02:33:32',NULL,'01-8-2016 Se envió esta información a Gisselle y Luca'),(31,12,42,113,13,'2016-08-16 02:41:36','2016-08-16 02:41:36',NULL,'Ya se solicitó a Empaflexco.'),(32,12,42,113,13,'2016-08-16 02:43:35','2016-08-16 02:43:35',NULL,'8-08-2016 se recibió la ficha técnica pero errada'),(33,12,42,113,13,'2016-08-16 02:44:04','2016-08-16 02:44:04',NULL,'12-08-2016 se recibió la ficha técnica correcta'),(34,15,50,114,13,'2016-08-16 02:48:24','2016-08-16 02:48:24',NULL,' se envió correo solicitando aclaración a Daniel, se enviará tabla de documentos el martes 9 de agosto'),(35,12,40,115,13,'2016-08-16 02:54:31','2016-08-16 02:54:31',NULL,'* Se comprometío con el cliente enviarle comentarios acerca de la información de orgánico '),(36,12,40,115,13,'2016-08-16 02:56:43','2016-08-16 02:56:43',NULL,'10 de agosto: se recibieron los artes modificados por parte del cliente'),(37,12,40,115,13,'2016-08-16 02:57:42','2016-08-16 02:57:42',NULL,'12 de agosto: se respondió al cliente; adicional se enviaron los artes a BCS para aprobación'),(38,12,40,116,13,'2016-08-16 02:59:25','2016-08-16 02:59:25',NULL,' se envió la información hace dos semanas pero no se recibiío respuesta de recibido y Adriana de Jelly Shot preguntó de nuevo, se le informó que ya se le indicó al cliente, JAvi puedes preguntar a ellos. 16. - Revisión Artes OBELO.'),(39,12,40,117,13,'2016-08-16 03:03:01','2016-08-16 03:03:01',NULL,'se envió la información hace dos semanas pero no se recibiío respuesta de recibido y Adriana de Jelly Shot preguntó de nuevo, se le informó que ya se le indicó al cliente, JAvi puedes preguntar a ellos'),(40,12,40,117,13,'2016-08-16 03:06:02','2016-08-16 03:06:02',NULL,'JAvi, puedes hablar con Montesano, la semana pasada me escribió de nuevo Alejandra de Jelly Shot solicitándome de nuevo las tablas nutricionales, yo le reenivié el correo a ellos pero no he recibido respuesta.'),(41,12,40,118,13,'2016-08-16 03:10:08','2016-08-16 03:10:08',NULL,'12-08-2016 Se enviaron solicitud de modificaciones a información de etiquetas a Obelo ');
/*!40000 ALTER TABLE `comentarios_areas_table` ENABLE KEYS */;
UNLOCK TABLES;

--
-- Table structure for table `metas_table`
--

DROP TABLE IF EXISTS `metas_table`;
/*!40101 SET @saved_cs_client     = @@character_set_client */;
/*!40101 SET character_set_client = utf8 */;
CREATE TABLE `metas_table` (
  `id` int(11) NOT NULL AUTO_INCREMENT,
  `nombre_meta` text NOT NULL,
  `avance_meta` int(11) DEFAULT '0',
  `deadline_meta` datetime NOT NULL,
  `id_responsable_meta` int(11) NOT NULL,
  `area_id` int(11) NOT NULL,
  `createdAt` timestamp NULL DEFAULT NULL,
  `updatedAt` timestamp NULL DEFAULT NULL,
  `done_meta` datetime DEFAULT NULL,
  PRIMARY KEY (`id`)
) ENGINE=InnoDB AUTO_INCREMENT=70 DEFAULT CHARSET=latin1;
/*!40101 SET character_set_client = @saved_cs_client */;

--
-- Dumping data for table `metas_table`
--

LOCK TABLES `metas_table` WRITE;
/*!40000 ALTER TABLE `metas_table` DISABLE KEYS */;
INSERT INTO `metas_table` VALUES (1,'Recaudo de mínimo COP 200.000.000 en campañas realizadas, sea como donaciones o ventas de producto.',0,'2016-12-30 05:00:00',8,3,'2016-07-19 20:57:56','2016-08-01 18:40:32',NULL),(2,'Mínimo una (1) reunión de Junta Directiva Trimestral',50,'2016-12-30 05:00:00',6,2,'2016-07-20 01:32:20','2016-07-31 23:35:10',NULL),(3,'100% de ejecución de los Comités Social, de Auditoría y Financiero (Una vez Mensual)',42,'2016-12-30 05:00:00',6,2,'2016-07-20 01:33:27','2016-07-31 23:35:33',NULL),(4,'100% de reuniones trimestrales de seguimiento',50,'2016-12-30 05:00:00',6,2,'2016-07-20 01:34:29','2016-07-31 23:35:42',NULL),(5,'100% Seguimiento a Asamblea de Accionistas (Reuniones y envío de Informes Trimestrales)',25,'2016-12-30 05:00:00',6,2,'2016-07-20 01:48:38','2016-08-08 03:40:40',NULL),(6,'Diseño y Estructuración del Proyecto',85,'2016-07-29 05:00:00',6,6,'2016-07-20 02:17:20','2016-08-11 22:02:24',NULL),(7,'Construcción de la Planta y Entrega terminada',15,'2016-12-30 05:00:00',6,6,'2016-07-20 02:18:09','2016-08-08 17:08:50',NULL),(8,'Traslado y Puesta a Punto de la nueva planta ',0,'2016-12-30 05:00:00',6,6,'2016-07-20 02:19:42','2016-08-08 17:08:56',NULL),(9,'Ejecución del 100% de Presupuesto',35,'2016-12-30 05:00:00',10,6,'2016-07-20 02:20:16','2016-08-08 17:09:01',NULL),(10,'100% Contratos Actualizados y Firmados (Archi',0,'2017-12-22 05:00:00',6,8,'2016-07-24 22:27:15','2016-07-31 21:49:18',NULL),(11,'Registro de la Marca de Fruandes en Colombia',0,'2016-09-30 05:00:00',6,8,'2016-07-24 22:28:03','2016-07-31 21:49:22',NULL),(12,'100% de Implementación del Primer Módulo de Gestión',80,'2016-08-12 05:00:00',6,7,'2016-07-25 00:29:49','2016-07-31 23:42:45',NULL),(13,'Crecimiento constante de Redes Sociales, mínimo en un 10% mensual (crecimiento Orgánico).',20,'2016-12-30 05:00:00',8,3,'2016-07-28 16:19:52','2016-08-01 18:38:55',NULL),(14,'Mínimo una (1) comunicación relevante semanal externa.',0,'2016-12-30 05:00:00',8,3,'2016-07-31 18:34:08','2016-07-31 18:34:30',NULL),(15,'Nueva página WEB Live + Administrador de contenidos.',0,'2016-08-26 05:00:00',8,3,'2016-07-31 18:34:41','2016-07-31 18:35:00',NULL),(16,'Como mínimo 75% de formalización de las comunicaciones internas de Fruandes (Actas de Reuniones, Reportes, etc).',0,'2016-12-30 05:00:00',8,3,'2016-07-31 18:35:17','2016-07-31 18:35:34',NULL),(17,'100% de Organización de la información digital de Fruandes.',0,'2016-12-30 05:00:00',8,3,'2016-07-31 18:35:50','2016-07-31 18:36:02',NULL),(18,'Mínimo diez (10) Interacciones físicas directas con Clientes Internacionales ó consumidores finales con la planta de procesamiento ó visitas a las asociaciones de agricultores.',0,'2016-12-30 05:00:00',8,3,'2016-07-31 18:36:19','2016-07-31 18:36:32',NULL),(19,'100% de implementación de las Campañas de Comunicaciones que se definan',0,'2016-12-30 05:00:00',8,3,'2016-07-31 18:37:30','2016-07-31 18:37:39',NULL),(20,'Establecer el 100% de la medición del esquema de impacto definido de Fruandes.',50,'2016-12-30 05:00:00',7,4,'2016-07-31 19:10:52','2016-08-01 00:37:20',NULL),(21,'Mínimo 400.000.000,oo en consecución de fondos para las organizaciones o para Fruandes en proyectos que estén alineados con el desarrollo del negocio.',39,'2016-12-30 05:00:00',7,4,'2016-07-31 19:11:21','2016-08-15 17:04:12',NULL),(22,'Mínimo 20 personas trabajando como voluntarios o practicantes de Fruandes (en proyectos).',85,'2016-12-30 05:00:00',7,4,'2016-07-31 19:13:14','2016-08-15 17:05:36',NULL),(23,'Ejecución del 100% de los proyectos de la Empresa (Internos y de Voluntarios o Practicantes) – Reportes archivados en la Biblioteca de Fruandes (virtual).',50,'2016-12-30 05:00:00',7,4,'2016-07-31 19:13:46','2016-08-15 17:06:02',NULL),(24,'100% de Mantenimiento y Potencialización de Relaciones con Organizaciones y Aliados',50,'2016-12-30 05:00:00',7,4,'2016-07-31 19:14:47','2016-08-01 00:39:27',NULL),(25,'Control de Inventarios diario (Contable Vs Físico).',0,'2016-12-30 05:00:00',9,9,'2016-07-31 19:28:29','2016-08-10 11:40:01',NULL),(27,'100% de Compras dentro de los parámetros establecidos de Precio y cumplimiento de los requerimientos de las áreas.',0,'2016-12-30 05:00:00',9,9,'2016-07-31 19:29:23','2016-07-31 19:29:34',NULL),(28,'100% de pago de impuestos y presentaciones de Informes de Ley cumpliendo las fechas establecidas.',0,'2016-12-30 05:00:00',9,9,'2016-07-31 19:29:52','2016-07-31 19:30:10',NULL),(29,'100% de Organización del Archivo Físico de Fruandes.',0,'2016-12-30 05:00:00',9,9,'2016-07-31 19:30:20','2016-07-31 19:30:33',NULL),(30,'100% del Cumplimiento de la Meta Financiera - 100% Ventas, 67% Costo de Ventas, 10% de EBITDA',0,'2016-12-30 05:00:00',9,9,'2016-07-31 19:31:17','2016-07-31 19:31:49',NULL),(31,'100% de auditoría interna a todas las áreas (Revisión Inicial, recomendaciones y Segunda Revisión).',0,'2016-12-30 05:00:00',6,8,'2016-07-31 21:48:59','2016-07-31 21:49:26',NULL),(32,'Desarrollo del 100% de las Políticas Internas y los procedimientos avalados y firmados.',0,'2016-08-26 05:00:00',6,8,'2016-07-31 21:49:43','2016-07-31 21:49:58',NULL),(33,'100% de Inventario al día (Cierres Diarios y Mensuales)',0,'2016-08-12 05:00:00',9,9,'2016-07-31 21:54:05','2016-07-31 21:54:21',NULL),(34,'Cumplir con mínimo el 95% de las necesidades de personal para procesamiento y empaque permanentemente en planta (26 personas en procesamiento y 8 personas en empaque).',0,'2016-12-30 05:00:00',12,10,'2016-07-31 21:59:27','2016-08-08 13:29:29',NULL),(35,'Como mínimo el 75% de las capacitaciones solicitadas por las diferentes personas deben ser entregadas (Total de capacitaciones técnicas y de gestión)',0,'2016-12-30 05:00:00',12,10,'2016-07-31 21:59:59','2016-07-31 22:00:13',NULL),(36,'100% del personal contratado por contrato término indefinido y afiliado a todos los esquemas de ley.',0,'2016-12-30 05:00:00',12,10,'2016-07-31 22:00:34','2016-08-13 14:19:54',NULL),(37,'Mínimo 40% aumento en Ventas – COP 4.000.000.000,oo',43,'2016-12-30 05:00:00',6,12,'2016-07-31 22:07:54','2016-08-01 10:42:05',NULL),(38,'Mínimo 10% de Crecimiento en Ventas de Clientes de Largo Plazo de Ventas Retail (LGT y Nathalie´s Direct Trade)',50,'2016-12-30 05:00:00',6,12,'2016-07-31 22:08:41','2016-08-01 10:42:16',NULL),(39,'Mínimo el 50% de las Ventas por Valor y Volumen deben ser Marcas Blancas.',50,'2016-12-30 05:00:00',6,12,'2016-07-31 22:09:23','2016-08-01 10:42:23',NULL),(40,'Mínimo un (1) Nuevo Cliente con Marca Blanca',0,'2016-12-30 05:00:00',6,12,'2016-07-31 22:09:45','2016-08-01 10:45:00',NULL),(41,'100% Implementación del Segundo Módulo',0,'2016-08-26 05:00:00',6,7,'2016-07-31 23:42:30','2016-07-31 23:42:40',NULL),(42,'100% de Servicio Eficiente a Clientes, respuestas a Requerimientos y Despachos',0,'2016-12-30 05:00:00',13,12,'2016-08-01 10:44:36','2016-08-01 10:44:54',NULL),(43,'Capacitación  del 100% al personal  en el sistema OMS, para el desarrollo y cumplimiento de funciones laborales.',0,'2016-08-08 05:00:00',10,10,'2016-08-08 13:30:08','2016-08-10 21:27:48',NULL),(44,'Minimo  100%  aumento en ventas nacionales- cop 400.000-000',0,'2016-12-30 05:00:00',16,16,'2016-08-10 14:52:10','2016-08-15 10:09:39',NULL),(45,'Mínimo  60%  del total de las ventas deben ser de marcas de Fruandes (JustFruit)',0,'2016-12-30 05:00:00',16,16,'2016-08-10 14:57:28','2016-08-15 10:09:48',NULL),(46,'Codificar  las marcas  de fruandes  en mínimo 3 grandes  superficies: Carulla, farmatodo y Locatel',0,'2016-12-30 05:00:00',16,16,'2016-08-10 14:59:29','2016-08-15 10:09:56',NULL),(47,'Aumento mínimo 50% en  puntos de venta  en colombia ',0,'2016-12-30 05:00:00',16,16,'2016-08-10 15:01:26','2016-08-15 10:10:04',NULL),(48,'100% de atención  personalizada  a clientes 1A en Bogotá, Medellin, Cali y Barranquilla.',0,'2016-12-30 05:00:00',16,16,'2016-08-10 15:02:42','2016-08-15 10:10:12',NULL),(50,'Revisión diaria de los programas de la empresa (Gestión de Calidad) ',0,'2024-12-31 05:00:00',11,15,'2016-08-11 19:04:21','2016-08-11 19:06:33',NULL),(51,'Aceptable en auditoria de Sistema de Seguridad en el Trabajo ',0,'2016-12-31 05:00:00',11,15,'2016-08-11 19:07:43','2016-08-11 19:10:47',NULL),(52,'PRODUCTOS DESHIDRATADOS CUBIERTOS CON CHOCOLATE',80,'2017-02-01 05:00:00',14,21,'2016-08-13 18:12:59','2016-08-16 01:19:18',NULL),(53,'FRUTAS DESHIDRATADAS CON NUECES ORGÁNICAS',60,'2016-12-31 05:00:00',14,21,'2016-08-13 18:15:06','2016-08-13 18:16:37',NULL),(54,'INFUSIONES AROMÁTICAS',20,'2017-07-31 05:00:00',14,21,'2016-08-13 18:15:32','2016-08-16 01:19:19',NULL),(55,'BARRAS DE FRUTAS',20,'2016-12-31 05:00:00',14,21,'2016-08-13 18:17:09','2016-08-13 18:22:07',NULL),(56,'MERMELADAS ORGÁNICAS',50,'2016-12-31 05:00:00',13,21,'2016-08-13 18:17:37','2016-08-13 18:22:10',NULL),(57,'Empaque Biodegradable de Marca Nacional Just Fruit 300g',60,'2016-09-01 05:00:00',14,23,'2016-08-13 18:31:19','2016-08-13 18:34:12',NULL),(58,'Empaque Biodergadable para mercado Internacional',20,'2016-12-31 05:00:00',14,23,'2016-08-13 18:31:55','2016-08-13 18:32:14',NULL),(59,'Campaña de concientización reciclaje de empaques biodegradables, comunicación.',0,'2016-10-28 05:00:00',8,23,'2016-08-13 18:32:38','2016-08-13 18:34:30',NULL),(60,'MÁQUINAS DESHIDRATADORAS; Tener 5 máquinas deshidratadoras en Fruandes, capaces de realizar por lo menos 2 procesos diarios',80,'2016-12-30 05:00:00',14,5,'2016-08-13 18:43:50','2016-08-13 18:44:21',NULL),(61,'BÚSQUEDA DE NUEVOS EQUIPOS REQUISITOS DE MAQUINARIA EN NUEVA PLANTA',10,'2016-12-30 05:00:00',14,5,'2016-08-13 18:44:41','2016-08-13 18:51:18',NULL),(62,'MÁQUINA DE PICADO DE FRUTA;  Para desarrollo de nuevos productos',50,'2016-12-15 05:00:00',14,5,'2016-08-13 18:45:30','2016-08-13 18:49:53',NULL),(63,'HERRAMIENTAS PRODUCTIVAS; Obtener mínimo la implementación de una herramienta para mejoramiento de proceso de tajado y/ó picado de fruta',0,'2016-12-30 05:00:00',14,5,'2016-08-13 18:46:04','2016-08-13 18:46:24',NULL),(64,'SELLADORAS; Reemplazo de Selladora azul para bolsas de 25 kg y de selladora de banda continua',0,'0000-00-00 00:00:00',13,5,'2016-08-13 18:46:53','2016-08-13 18:46:59',NULL),(65,'Revisión Artes OBELO.',0,'0000-00-00 00:00:00',13,12,'2016-08-16 03:06:42','2016-08-16 03:07:14',NULL),(66,'Mejorar el ambiente  laboral en la organizacion, apartir de  interacción  y participación activa de los empleados.',0,'2036-12-31 05:00:00',12,10,'2016-08-19 14:21:20','2016-08-19 14:22:29',NULL),(67,'100% de información real sobre el estado de las obligaciones financieras.',0,'2016-12-31 05:00:00',19,9,'2016-08-19 16:22:01','2016-08-19 16:27:32',NULL),(68,'100 % información real del estado de cartera ',0,'2016-12-30 05:00:00',20,9,'2016-08-19 16:45:02','2016-08-19 16:46:20',NULL),(69,'Interventora de la obra.',0,'2016-12-31 05:00:00',10,6,'2016-08-19 16:50:26','2016-08-19 16:51:52',NULL);
/*!40000 ALTER TABLE `metas_table` ENABLE KEYS */;
UNLOCK TABLES;

--
-- Table structure for table `permisos_table`
--

DROP TABLE IF EXISTS `permisos_table`;
/*!40101 SET @saved_cs_client     = @@character_set_client */;
/*!40101 SET character_set_client = utf8 */;
CREATE TABLE `permisos_table` (
  `id` int(11) NOT NULL AUTO_INCREMENT,
  `area_id` int(11) NOT NULL,
  `usuario_id` int(11) NOT NULL,
  `createdAt` date DEFAULT NULL,
  `updatedAt` date DEFAULT NULL,
  PRIMARY KEY (`id`)
) ENGINE=InnoDB AUTO_INCREMENT=132 DEFAULT CHARSET=latin1;
/*!40101 SET character_set_client = @saved_cs_client */;

--
-- Dumping data for table `permisos_table`
--

LOCK TABLES `permisos_table` WRITE;
/*!40000 ALTER TABLE `permisos_table` DISABLE KEYS */;
INSERT INTO `permisos_table` VALUES (6,2,10,'2016-07-28','2016-07-28'),(7,2,11,'2016-07-29','2016-07-29'),(8,2,5,'2016-07-29','2016-07-29'),(9,2,6,'2016-07-29','2016-07-29'),(10,2,9,'2016-07-31','2016-07-31'),(11,3,8,'2016-07-31','2016-07-31'),(12,3,6,'2016-07-31','2016-07-31'),(13,3,7,'2016-07-31','2016-07-31'),(14,3,11,'2016-07-31','2016-07-31'),(15,4,6,'2016-07-31','2016-07-31'),(16,4,7,'2016-07-31','2016-07-31'),(17,4,11,'2016-07-31','2016-07-31'),(18,6,6,'2016-07-31','2016-07-31'),(19,6,7,'2016-07-31','2016-07-31'),(20,6,9,'2016-07-31','2016-07-31'),(21,6,11,'2016-07-31','2016-07-31'),(22,6,10,'2016-07-31','2016-07-31'),(23,7,5,'2016-07-31','2016-07-31'),(24,7,6,'2016-07-31','2016-07-31'),(25,7,9,'2016-07-31','2016-07-31'),(26,8,6,'2016-07-31','2016-07-31'),(27,8,9,'2016-07-31','2016-07-31'),(28,8,11,'2016-07-31','2016-07-31'),(29,8,10,'2016-07-31','2016-07-31'),(30,9,9,'2016-07-31','2016-07-31'),(31,9,11,'2016-07-31','2016-07-31'),(32,9,10,'2016-07-31','2016-07-31'),(33,9,6,'2016-07-31','2016-07-31'),(34,10,6,'2016-07-31','2016-07-31'),(35,10,9,'2016-07-31','2016-07-31'),(36,10,11,'2016-07-31','2016-07-31'),(37,10,12,'2016-07-31','2016-07-31'),(38,10,7,'2016-07-31','2016-07-31'),(39,10,8,'2016-07-31','2016-07-31'),(40,12,6,'2016-07-31','2016-07-31'),(41,12,8,'2016-07-31','2016-07-31'),(42,12,9,'2016-07-31','2016-07-31'),(43,12,10,'2016-07-31','2016-07-31'),(44,12,11,'2016-07-31','2016-07-31'),(45,12,13,'2016-07-31','2016-07-31'),(46,12,7,'2016-07-31','2016-07-31'),(47,4,12,'2016-08-01','2016-08-01'),(48,4,15,'2016-08-01','2016-08-01'),(49,4,14,'2016-08-01','2016-08-01'),(50,4,8,'2016-08-01','2016-08-01'),(51,4,9,'2016-08-01','2016-08-01'),(52,7,7,'2016-08-01','2016-08-01'),(53,3,10,'2016-08-08','2016-08-08'),(54,7,10,'2016-08-08','2016-08-08'),(55,6,14,'2016-08-08','2016-08-08'),(56,10,10,'2016-08-08','2016-08-08'),(57,15,6,'2016-08-08','2016-08-08'),(58,15,11,'2016-08-08','2016-08-08'),(59,15,13,'2016-08-08','2016-08-08'),(60,15,14,'2016-08-08','2016-08-08'),(61,15,12,'2016-08-08','2016-08-08'),(62,14,6,'2016-08-08','2016-08-08'),(63,14,7,'2016-08-08','2016-08-08'),(64,14,8,'2016-08-08','2016-08-08'),(65,14,9,'2016-08-08','2016-08-08'),(66,14,11,'2016-08-08','2016-08-08'),(67,14,15,'2016-08-08','2016-08-08'),(68,14,12,'2016-08-08','2016-08-08'),(69,13,15,'2016-08-08','2016-08-08'),(70,13,14,'2016-08-08','2016-08-08'),(71,13,11,'2016-08-08','2016-08-08'),(72,13,6,'2016-08-08','2016-08-08'),(73,13,7,'2016-08-08','2016-08-08'),(74,16,6,'2016-08-09','2016-08-09'),(75,16,7,'2016-08-09','2016-08-09'),(76,16,8,'2016-08-09','2016-08-09'),(77,16,14,'2016-08-09','2016-08-09'),(78,16,10,'2016-08-09','2016-08-09'),(79,17,9,'2016-08-10','2016-08-10'),(80,17,6,'2016-08-10','2016-08-10'),(81,17,10,'2016-08-10','2016-08-10'),(82,16,16,'2016-08-10','2016-08-10'),(83,8,25,'2016-08-11','2016-08-11'),(84,9,26,'2016-08-11','2016-08-11'),(85,18,10,'2016-08-11','2016-08-11'),(86,18,6,'2016-08-11','2016-08-11'),(87,18,19,'2016-08-11','2016-08-11'),(88,18,20,'2016-08-11','2016-08-11'),(89,18,9,'2016-08-11','2016-08-11'),(90,18,12,'2016-08-11','2016-08-11'),(91,17,19,'2016-08-11','2016-08-11'),(92,19,6,'2016-08-11','2016-08-11'),(93,19,9,'2016-08-11','2016-08-11'),(94,19,10,'2016-08-11','2016-08-11'),(95,19,15,'2016-08-11','2016-08-11'),(96,19,11,'2016-08-11','2016-08-11'),(97,19,12,'2016-08-11','2016-08-11'),(98,20,11,'2016-08-11','2016-08-11'),(99,20,6,'2016-08-11','2016-08-11'),(100,20,7,'2016-08-11','2016-08-11'),(101,20,9,'2016-08-11','2016-08-11'),(102,20,21,'2016-08-11','2016-08-11'),(103,20,15,'2016-08-11','2016-08-11'),(104,16,17,'2016-08-11','2016-08-11'),(105,16,23,'2016-08-11','2016-08-11'),(106,13,13,'2016-08-11','2016-08-11'),(107,15,24,'2016-08-11','2016-08-11'),(108,15,22,'2016-08-11','2016-08-11'),(109,5,14,'2016-08-11','2016-08-11'),(110,5,6,'2016-08-11','2016-08-11'),(113,5,13,'2016-08-11','2016-08-11'),(114,21,14,'2016-08-11','2016-08-11'),(115,21,6,'2016-08-11','2016-08-11'),(116,22,14,'2016-08-11','2016-08-11'),(117,22,6,'2016-08-11','2016-08-11'),(118,23,14,'2016-08-11','2016-08-11'),(119,23,8,'2016-08-11','2016-08-11'),(120,23,6,'2016-08-11','2016-08-11'),(121,21,7,'2016-08-11','2016-08-11'),(122,21,10,'2016-08-11','2016-08-11'),(123,21,11,'2016-08-11','2016-08-11'),(124,21,13,'2016-08-11','2016-08-11'),(125,22,7,'2016-08-11','2016-08-11'),(126,22,10,'2016-08-11','2016-08-11'),(127,22,11,'2016-08-11','2016-08-11'),(128,23,7,'2016-08-11','2016-08-11'),(129,23,10,'2016-08-11','2016-08-11'),(130,9,19,'2016-08-19','2016-08-19'),(131,9,20,'2016-08-19','2016-08-19');
/*!40000 ALTER TABLE `permisos_table` ENABLE KEYS */;
UNLOCK TABLES;

--
-- Table structure for table `recurrentes_done_table`
--

DROP TABLE IF EXISTS `recurrentes_done_table`;
/*!40101 SET @saved_cs_client     = @@character_set_client */;
/*!40101 SET character_set_client = utf8 */;
CREATE TABLE `recurrentes_done_table` (
  `id` int(11) NOT NULL AUTO_INCREMENT,
  `recurrente_id` int(11) NOT NULL,
  `done_recurrente` timestamp NOT NULL DEFAULT CURRENT_TIMESTAMP ON UPDATE CURRENT_TIMESTAMP,
  `createdAt` timestamp NULL DEFAULT NULL,
  `updatedAt` timestamp NULL DEFAULT NULL,
  PRIMARY KEY (`id`)
) ENGINE=InnoDB AUTO_INCREMENT=7 DEFAULT CHARSET=latin1;
/*!40101 SET character_set_client = @saved_cs_client */;

--
-- Dumping data for table `recurrentes_done_table`
--

LOCK TABLES `recurrentes_done_table` WRITE;
/*!40000 ALTER TABLE `recurrentes_done_table` DISABLE KEYS */;
INSERT INTO `recurrentes_done_table` VALUES (5,4,'2016-08-03 12:52:37','2016-08-03 12:52:37','2016-08-03 12:52:37'),(6,4,'2016-08-07 17:46:23','2016-08-07 17:46:23','2016-08-07 17:46:23');
/*!40000 ALTER TABLE `recurrentes_done_table` ENABLE KEYS */;
UNLOCK TABLES;

--
-- Table structure for table `recurrentes_table`
--

DROP TABLE IF EXISTS `recurrentes_table`;
/*!40101 SET @saved_cs_client     = @@character_set_client */;
/*!40101 SET character_set_client = utf8 */;
CREATE TABLE `recurrentes_table` (
  `id` int(11) NOT NULL AUTO_INCREMENT,
  `nombre_recurrente` text NOT NULL,
  `id_responsable_recurrente` int(11) DEFAULT NULL,
  `createdAt` timestamp NULL DEFAULT NULL,
  `updatedAt` timestamp NULL DEFAULT NULL,
  `periodicity` int(11) DEFAULT NULL,
  PRIMARY KEY (`id`)
) ENGINE=InnoDB AUTO_INCREMENT=5 DEFAULT CHARSET=latin1;
/*!40101 SET character_set_client = @saved_cs_client */;

--
-- Dumping data for table `recurrentes_table`
--

LOCK TABLES `recurrentes_table` WRITE;
/*!40000 ALTER TABLE `recurrentes_table` DISABLE KEYS */;
INSERT INTO `recurrentes_table` VALUES (3,'Primera tarea recurrente semanal',6,'2016-08-01 18:30:11','2016-08-01 18:30:36',7),(4,'Tarea recurrente mensual',5,'2016-08-01 18:30:54','2016-08-07 17:46:01',7);
/*!40000 ALTER TABLE `recurrentes_table` ENABLE KEYS */;
UNLOCK TABLES;

--
-- Table structure for table `tareas_areas_table`
--

DROP TABLE IF EXISTS `tareas_areas_table`;
/*!40101 SET @saved_cs_client     = @@character_set_client */;
/*!40101 SET character_set_client = utf8 */;
CREATE TABLE `tareas_areas_table` (
  `id` int(11) NOT NULL AUTO_INCREMENT,
  `nombre_tarea` text NOT NULL,
  `meta_id` int(11) NOT NULL,
  `deadline_tarea` datetime NOT NULL,
  `done_tarea` datetime DEFAULT NULL,
  `id_responsable_tarea` int(11) DEFAULT NULL,
  `estado_tarea` tinyint(4) DEFAULT '0',
  `createdAt` timestamp NULL DEFAULT NULL,
  `updatedAt` timestamp NULL DEFAULT NULL,
  PRIMARY KEY (`id`)
) ENGINE=InnoDB AUTO_INCREMENT=125 DEFAULT CHARSET=latin1;
/*!40101 SET character_set_client = @saved_cs_client */;

--
-- Dumping data for table `tareas_areas_table`
--

LOCK TABLES `tareas_areas_table` WRITE;
/*!40000 ALTER TABLE `tareas_areas_table` DISABLE KEYS */;
INSERT INTO `tareas_areas_table` VALUES (1,'Reunión de Junta Directiva y Visita a Productores Cauca',2,'2016-07-22 05:00:00','2016-08-07 17:48:09',6,1,'2016-07-20 01:41:39','2016-08-07 17:47:58'),(2,'Firmar Acta de Reunión de Junta Directiva 24Jun2016',2,'2016-07-22 05:00:00','2016-07-29 01:46:31',10,1,'2016-07-20 01:42:31','2016-07-29 01:46:25'),(3,'Recolectar Información para Comité de Auditoría (Agosto)',3,'2016-08-12 05:00:00','2016-08-20 02:10:20',6,1,'2016-07-20 01:43:25','2016-08-20 02:10:05'),(4,'Llevar a cabo el Comité de Auditoría (Agosto)',3,'2016-08-19 05:00:00','2016-08-20 13:04:51',6,1,'2016-07-20 01:44:25','2016-08-20 13:04:35'),(5,'Firmar Acta de Junta Directiva 21Jul2016',2,'2016-07-29 05:00:00','2016-07-31 19:54:52',10,1,'2016-07-20 01:46:00','2016-07-31 19:54:45'),(6,'Envío de Acta Asamblea de Accionistas #50 - Aprobación de Otrosí y Elección de nuevo Revisor Fiscal',5,'2016-07-29 05:00:00','2016-08-16 02:42:54',6,1,'2016-07-20 01:50:28','2016-08-16 02:42:41'),(7,'Llevar a cabo Comité de Gerencia de Obra',7,'2016-08-03 05:00:00','2016-08-04 03:17:49',6,1,'2016-07-24 22:04:08','2016-08-04 03:17:39'),(8,'Reunión de Layout con Roy y Giovanni en Ibagué',6,'2016-07-29 05:00:00','2016-07-31 22:02:39',6,1,'2016-07-24 22:04:46','2016-07-31 22:02:31'),(9,'Firma del Otrosí del Contrato de la Coordinadora de Calidad (horario Flexible)',10,'2016-07-29 05:00:00','2016-07-31 23:45:37',6,1,'2016-07-24 22:29:19','2016-07-31 23:45:30'),(10,'Firma del Otrosí del Contrato de Tatiana Bustos',10,'2016-07-29 05:00:00',NULL,6,0,'2016-07-24 22:36:34','2016-08-08 13:35:38'),(11,'Enviar Feedback del primer DEMO entregado del modulo de gestión',12,'2016-07-24 05:00:00','2016-08-01 00:29:04',6,1,'2016-07-25 00:31:22','2016-08-01 00:28:57'),(13,'Implementar el Feedback en el módulo de gestión',12,'2016-08-16 00:00:00','2016-08-07 17:42:46',5,1,'2016-07-25 00:33:01','2016-08-07 17:42:36'),(14,'Enviar Orden de Servicio Para la Fase II del Proyecto',12,'2016-08-08 05:00:00',NULL,10,0,'2016-07-25 00:34:12','2016-08-15 10:12:30'),(16,'Propuesta de campaña de Comunicaciones soporte Relanzamiento de Producto Cubierto con Chocolate (JustFruit)',19,'2016-08-12 05:00:00',NULL,8,0,'2016-07-31 18:38:32','2016-08-01 18:39:47'),(17,'Presentación de la Estrategia de Comunicaciones V2.0',19,'2016-08-12 00:00:00',NULL,8,0,'2016-07-31 18:39:28','2016-08-08 14:19:16'),(18,'Soporte en la Promoción y envío del Perfil del nuevo Gerente de Operaciones de Fruandes',14,'2016-08-12 05:00:00','2016-08-08 12:56:51',8,1,'2016-07-31 18:40:32','2016-08-08 12:56:39'),(19,'Revisar y Nutrir la Base de Datos a quienes estamos enviando los comunicados externos',14,'2016-08-12 00:00:00','2016-08-16 15:40:27',8,1,'2016-07-31 18:41:47','2016-08-16 15:40:14'),(20,'Comunicado de Prensa para Sistema B',14,'2016-07-29 05:00:00','2016-08-08 12:55:55',8,1,'2016-07-31 19:00:40','2016-08-08 12:55:44'),(21,'Comunicado de las nuevas certificaciones Orgánicas de Fruandes',14,'2016-08-12 00:00:00',NULL,8,0,'2016-07-31 19:02:24','2016-08-14 22:52:54'),(22,'Coordinar el Rediseño de los Templates de Fruandes',16,'2016-08-05 05:00:00','2016-08-08 12:56:09',8,1,'2016-07-31 19:03:17','2016-08-08 12:55:57'),(23,'Cierre de Inventario a 31 de Julio (Físico Vs Contable)',33,'2016-08-05 05:00:00','2016-08-08 15:45:09',9,1,'2016-07-31 21:55:24','2016-08-08 15:45:05'),(24,'Revisión Final del Presupuesto actualizado del segundo semestre de 2016',30,'2016-08-05 05:00:00','2016-08-08 15:45:15',9,1,'2016-07-31 22:14:17','2016-08-08 15:45:11'),(25,'Presentación Plan de Acción para evitar futuros problemas con la Resolución de Facturación',28,'2016-08-05 05:00:00','2016-08-08 15:46:39',9,1,'2016-07-31 22:15:20','2016-08-08 15:46:35'),(26,'Envío de Corte de Presupuestos a los diferentes responsables por área',30,'2016-08-05 05:00:00',NULL,9,0,'2016-07-31 22:16:26','2016-08-08 15:48:53'),(27,'Entrega de Pendientes con la DIAN',28,'2016-08-19 05:00:00',NULL,9,0,'2016-07-31 22:17:11','2016-07-31 22:17:32'),(28,'Construir el Primer Esquema del LayOut de la nueva Planta (Roy y Juan)',6,'2016-08-12 05:00:00',NULL,14,0,'2016-07-31 23:40:17','2016-08-13 01:09:31'),(29,'Preparación de Comité de Impacto ',20,'2016-08-20 05:00:00',NULL,7,0,'2016-08-01 00:40:56','2016-08-15 17:33:04'),(30,'Firma del Contrato C.Responde',21,'0000-00-00 00:00:00','2016-08-15 17:11:00',7,1,'2016-08-01 00:42:36','2016-08-15 17:10:48'),(31,'NDT - Envío de Información de Inventario a Junio 30 de 2016',42,'2016-08-01 05:00:00','2016-08-11 22:33:25',13,1,'2016-08-01 10:43:38','2016-08-11 22:33:13'),(32,'NDT - Actualización del Despacho de Nathalie de Agosto de 2016 (Contenedor 20`)',37,'2016-08-01 05:00:00','2016-08-08 03:54:50',6,1,'2016-08-01 10:45:51','2016-08-08 03:54:40'),(33,'SITAR - Vo Bo del Despacho con Dietrans después de verificar la cotización',42,'2016-08-03 00:00:00',NULL,13,0,'2016-08-01 10:54:48','2016-08-11 22:36:51'),(34,'LGT - Envío de los materiales de empaque para aprobación de LGT',42,'2016-08-05 05:00:00',NULL,13,0,'2016-08-01 10:56:57','2016-08-01 10:57:10'),(35,'OBELO NYC - Cotización del Sticker enviado por parte del Potencial Cliente',40,'2016-08-05 05:00:00',NULL,13,0,'2016-08-01 10:58:09','2016-08-16 03:39:00'),(36,'NDT - Enviar la Ficha Técnica del Empaque de 35g',42,'2016-08-05 05:00:00',NULL,13,0,'2016-08-01 10:59:32','2016-08-01 10:59:40'),(37,'NDT - Respuestas de la Panela Pendientes',38,'2016-08-05 05:00:00',NULL,6,0,'2016-08-01 11:00:29','2016-08-01 11:00:38'),(38,'Hacer el cambio de Asesor Financiero y Revisor Fiscal',28,'2016-08-05 05:00:00',NULL,9,0,'2016-08-01 11:21:52','2016-08-08 15:50:02'),(39,'Hacer versión 2.0 de las Fichas Técnicas en español e Inglés',16,'2016-08-12 05:00:00',NULL,8,0,'2016-08-01 18:41:21','2016-08-01 18:42:07'),(40,'Seguimiento a la Licencia de Construcción - Entrega de la respuesta a comentarios',6,'2016-08-12 05:00:00',NULL,6,0,'2016-08-04 13:58:57','2016-08-04 13:59:12'),(41,'Negociación del Contrato de Fachada y Cubierta',7,'2016-08-19 05:00:00',NULL,6,0,'2016-08-04 13:59:38','2016-08-04 13:59:53'),(42,'Buscar asesoría Técnica para solucionar el problema de los Flujos de Aire y una solución técnica',7,'2016-08-12 00:00:00',NULL,14,0,'2016-08-04 14:00:47','2016-08-11 21:57:38'),(43,'Hacer seguimiento de poner celaduria  24 horas, por el mismo precio',7,'2016-08-19 00:00:00',NULL,10,0,'2016-08-04 14:01:30','2016-08-15 13:08:53'),(44,'Encontrar la forma de Trabajar con Jesús Gonzalez como nuevo Asesor Financiero de Fruandes',10,'2016-08-12 05:00:00','2016-08-15 16:46:01',6,1,'2016-08-08 02:16:59','2016-08-15 16:45:48'),(45,'Definición de la Fecha de la próxima Junta Directiva 2016 ',2,'2016-08-19 05:00:00',NULL,6,0,'2016-08-08 03:41:50','2016-08-08 03:42:03'),(46,'Envío del Informe del Primer Semestre de 2016 a los Socios Accionistas',5,'2016-08-12 05:00:00',NULL,6,0,'2016-08-08 03:43:14','2016-08-08 03:43:44'),(47,'Llevar a cabo primera auditoría insitu',7,'2016-08-12 05:00:00','2016-08-15 13:22:46',6,1,'2016-08-08 03:58:38','2016-08-15 13:22:33'),(48,'Crear las Areas, Proyectos y dar acceso a todos al nuevo sistema',12,'2016-08-19 00:00:00',NULL,10,0,'2016-08-08 12:13:36','2016-08-16 02:57:30'),(49,'Actualizar el Presupuesto de Inversión',9,'2016-08-09 05:00:00','2016-08-09 23:14:17',10,1,'2016-08-08 12:18:52','2016-08-09 23:14:09'),(50,'Recolectar Fondo de Lote Posterior (Janir)',9,'2016-08-12 05:00:00',NULL,10,0,'2016-08-08 12:26:20','2016-08-15 13:07:14'),(51,'Interventoria obra semanal',9,'2016-08-13 05:00:00','2016-08-15 13:13:01',10,1,'2016-08-08 13:39:24','2016-08-15 13:12:48'),(52,'Capacitacion OMS a Janir Ledesma',43,'2016-08-08 05:00:00','2016-08-08 15:24:53',10,1,'2016-08-08 13:45:18','2016-08-08 15:24:45'),(53,'Metodología para un diagnostico de temas específicos para trabajar en la encuesta ',20,'2016-08-10 05:00:00','2016-08-15 17:15:37',12,1,'2016-08-08 15:13:25','2016-08-15 17:15:24'),(55,'Firmar el acta 010 de junta directiva y montar a drive',32,'2016-08-09 05:00:00','2016-08-09 18:55:56',10,1,'2016-08-09 18:55:16','2016-08-09 18:55:49'),(56,'Actualizar Area Ventas Nacionales con las tareas de la última reunión y capacitarlos en el uso del OMS',12,'2016-08-12 05:00:00',NULL,10,0,'2016-08-10 13:26:19','2016-08-10 13:26:28'),(57,'Definir listado de clientes con los que vamos a trabajar directamente.',48,'2016-08-16 05:00:00','2016-08-16 10:44:05',16,1,'2016-08-10 21:01:16','2016-08-16 10:43:47'),(58,'Contacto con restaurante calle 93 para venta de producto y coordinación de talleres de alimentación consciente y saludable',47,'2016-08-12 05:00:00','2016-08-16 10:46:54',16,1,'2016-08-10 21:08:29','2016-08-16 10:46:36'),(59,'Capacitación OMS con Jose Ignacio ',49,'2016-08-10 05:00:00','2016-08-10 21:24:10',10,1,'2016-08-10 21:15:31','2016-08-10 21:29:50'),(60,'Capacitacion OMS con Jairo  Gallego Rodriguez',49,'2016-08-16 05:00:00',NULL,10,0,'2016-08-10 21:31:07','2016-08-10 21:31:38'),(62,'Contratación de 2 Aprendices Sena',34,'2016-08-17 05:00:00',NULL,12,0,'2016-08-13 12:21:31','2016-08-13 12:23:04'),(63,'Reunión Comité de impacto',34,'2016-08-18 05:00:00',NULL,NULL,0,'2016-08-13 12:24:21','2016-08-13 12:27:50'),(64,'Contratación de Personal en producción',34,'2016-08-19 05:00:00',NULL,12,0,'2016-08-13 12:25:22','2016-08-13 12:28:07'),(65,'Terminación de Contratación profesionales proyecto Cauca  ',36,'2016-08-16 05:00:00',NULL,12,0,'2016-08-13 12:30:02','2016-08-13 12:42:16'),(66,'Reunión Seguimiento Evaluación de Personal ',34,'2016-08-16 05:00:00',NULL,12,0,'2016-08-13 12:31:31','2016-08-13 12:34:45'),(67,'Entrega de Reporte Semanal de G H',34,'0000-00-00 00:00:00',NULL,12,0,'2016-08-13 12:34:15','2016-08-13 12:34:35'),(68,'Actividad 1. Recibir feedback de docuemtnos de remisiones y documento con remisiones facturas para enviar a bcs para revisión.	 Meta: Feedback de Emily y Adriana	',52,'2016-08-19 05:00:00',NULL,14,0,'2016-08-13 18:18:44','2016-08-13 18:19:38'),(69,'Actividad 2. Seguimiento a Rediseño de etiqueta de chocolates por información recibida de área comercial.	 Meta: Hacer reunión preliminar con Adriana.	',52,'2016-08-16 05:00:00',NULL,14,0,'2016-08-13 18:20:01','2016-08-13 18:20:27'),(70,'Actividad 3. Segunda producción.	 Meta: Enviar  remisiones. Y verificar fecha para nueva producción para programar con producción.	',52,'2016-08-19 05:00:00',NULL,14,0,'2016-08-13 18:20:50','2016-08-13 18:21:02'),(71,'Actividad 1: Información detallada sobre proceso de maquila en trasegar.	 Meta: Dar retroalimentación sobre el documento de descripción del proceso de maquila en trasegar.	',53,'2016-08-19 05:00:00',NULL,14,0,'2016-08-13 18:21:28','2016-08-13 18:21:50'),(72,'Actividad 2:  Diseño de etiquetas	 Meta: Recibir propuesta de diseño y dar feedback.	',53,'2016-08-16 05:00:00',NULL,14,0,'2016-08-13 18:22:43','2016-08-13 18:23:00'),(73,'Actividad 3: Realizar empaque de mezcla final en empaques 50g y almacenar como muestras para tener información de comportamiento de empaque en octubre. Se deben empacar también en 30 g ya que surgió la problemática de los 50 g y el precio comparado con los chocolates.	 Meta: coordinar el empaque de estas mezclas.	',53,'2016-08-19 05:00:00',NULL,14,0,'2016-08-13 18:23:21','2016-08-13 18:23:32'),(74,'Actividad 1:Entregar proceso a Fabio, para reportar semanalmente, entregar el plan de trabajo, etc.	 Meta: Reunión con Fabio para dar respuesta a últimos correos de Nathalie y entrgarle el proyecto.	',56,'2016-08-17 05:00:00',NULL,13,0,'2016-08-13 18:24:02','2016-08-13 18:24:57'),(75,'Actividad 2: Muestras con 20% de Panela.	 Meta: Coordinar la fabricación de muestras con 20% de panela, y envío de muestras a Nathalie.	',56,'2016-09-15 05:00:00',NULL,13,0,'2016-08-13 18:24:48','2016-08-13 18:26:10'),(76,'Actividad 1: Máquina de barras.	 Meta: Conseguir un segundo proveedor de maquinaria.	',55,'2016-08-19 05:00:00',NULL,14,0,'2016-08-13 18:25:26','2016-08-13 18:25:35'),(77,'Actividad 2: Recetas de barras.	 Meta: Fabricar muestras de recetas de barras, (Idea de Javier, calentar en agua varias frutas y luego deshidratar. Viernes 05 de agosto.	',55,'2016-08-26 05:00:00',NULL,14,0,'2016-08-13 18:25:59','2016-08-13 18:26:26'),(78,'Greenpack; Actividad 1: Muestras	 Meta:  En ambos materiales cotizados para empacar producto y probar almacenamiento.	',57,'2016-09-15 05:00:00',NULL,14,0,'2016-08-13 18:34:05','2016-08-13 18:35:13'),(79,'Greenpack; Actividad 2: Solicitar exámenes de laboratorio de migración de tinta e inocuidad de empaques	 Meta: tener resultados de migración de tintas.	',57,'2016-08-19 05:00:00',NULL,14,0,'2016-08-13 18:35:35','2016-08-13 18:35:47'),(80,'Alico; Actividad 1: Hacer seguimiento a Alico	 Meta: Reunión con Orlando por Skype para detalles y fabricación de muestras.	',57,'2016-08-17 05:00:00',NULL,14,0,'2016-08-13 18:36:12','2016-08-13 18:36:20'),(81,'JellyShot; Actividad 1: Proceso de diseño	 Meta: Enviar información completa para etiquetas sobre reciclaje. 	',57,'2016-08-16 05:00:00',NULL,14,0,'2016-08-13 18:36:50','2016-08-13 18:37:04'),(82,'JellyShot; Actividad 2: Socializar información de diseño y enviar comentarios	 Meta: Recibir propuesta final de diseño y dar feedback a Adriana.	',57,'2016-08-26 05:00:00',NULL,14,0,'2016-08-13 18:37:22','2016-08-13 18:37:44'),(83,'LGT; Actividad 1: Empaque de muestras en material compostable de café	 Meta: Seguimiento a diseño de empaque compostable. Por parte de chantelle y Fabio, para tener artes y programar una fabriación de muestras.	',58,'2016-08-24 05:00:00',NULL,14,0,'2016-08-13 18:38:12','2016-08-13 18:38:20'),(84,'LGT; Actividad 2: Información de compostabilidad de zipper a Alico.	 Meta: Solicitar información de compostabilidad de zipper a Alico. para enviar a Reg',58,'2016-08-30 05:00:00',NULL,14,0,'2016-08-13 18:39:03','2016-08-13 18:39:15'),(85,'Conseguir muestras de fruta deshidratada con azúcar para validar parámetros de corte manuales, y escoger unas frutas para probar la máquina con la fruta disponible allá',62,'2016-08-19 05:00:00',NULL,14,0,'2016-08-13 18:48:14','2016-08-13 18:48:23'),(86,'Conseguir un segundo proveedor para máquina de barras de fruta diferente a Ferrostaal',61,'2016-08-26 05:00:00',NULL,14,0,'2016-08-13 18:50:55','2016-08-13 18:51:31'),(87,'Presentar plan de acción - cuentas x cobrar de Clientes mayores de 90 días ',44,'2016-08-19 05:00:00',NULL,16,0,'2016-08-14 17:09:27','2016-08-14 17:09:43'),(88,'Conseguir documento por parte de BANCOLOMBIA que ratifique la legalidad de la cuenta de compensación',30,'2016-07-29 05:00:00',NULL,9,0,'2016-08-15 10:00:35','2016-08-15 10:00:59'),(89,'Llevar a cabo segunda reunión con el Cliente RoutetoGreen de Chile y enviarle información de lo que estamos haciendo en Colombia',44,'2016-08-19 05:00:00',NULL,7,0,'2016-08-15 10:11:33','2016-08-15 10:11:48'),(90,'Hacer Plan de Trabajo para comenzar el proceso de traslado, trabajo con Organizaciones, Selección de Personal y Adaptación a la nueva cultura local',8,'2016-08-19 05:00:00',NULL,6,0,'2016-08-15 13:08:10','2016-08-15 13:08:40'),(91,'Revisar el cierre de las cuentas x cobrar enviadas por Giset: Janir, Zaira Abogados y Asopromac',31,'2016-08-19 05:00:00',NULL,10,0,'2016-08-15 16:47:07','2016-08-15 16:47:17'),(92,'ENVES - Firmar el acuerdo de Confidencialidad',24,'2016-08-19 05:00:00',NULL,7,0,'2016-08-15 16:48:43','2016-08-15 16:48:53'),(93,'Presentación Comité Impacto Sostenibilidad ',20,'2016-08-17 05:00:00',NULL,14,0,'2016-08-15 17:16:15','2016-08-15 17:34:19'),(94,'Preparación Presentación Plan de trabajo Clima Organizacional -Comité Impacto',20,'2016-08-17 05:00:00',NULL,12,0,'2016-08-15 17:17:19','2016-08-15 17:34:27'),(95,'Ajustes aplicación BCtA',24,'2016-08-19 05:00:00',NULL,7,0,'2016-08-15 17:22:26','2016-08-15 17:34:41'),(96,'Revisión convocatorias Colciencias e Innpulsa',21,'2016-08-31 05:00:00',NULL,7,0,'2016-08-15 17:30:13','2016-08-15 17:34:51'),(97,'Intercambio No. 2 Fruandes + LGT',21,'0000-00-00 00:00:00',NULL,7,0,'2016-08-15 17:31:02','2016-08-15 17:35:00'),(98,'Entragable No. 2 Colombia Responde',21,'0000-00-00 00:00:00',NULL,7,0,'2016-08-15 17:32:56','2016-08-15 17:35:52'),(99,'Certificación WFTO',24,'2016-08-31 05:00:00',NULL,7,0,'2016-08-15 17:36:30','2016-08-15 17:36:54'),(100,'Proyecto Navitas (a growing culture)',24,'2016-08-31 05:00:00',NULL,7,0,'2016-08-15 17:37:33','2016-08-15 17:41:05'),(101,'Modelo de Impacto + Comunicaciones y diseño',20,'2016-09-15 05:00:00',NULL,8,0,'2016-08-15 17:39:17','2016-08-15 17:41:25'),(102,' Enviar cotización e información a AltroMercato del empaque de 100g',42,'2016-08-08 05:00:00','2016-08-16 01:13:06',13,1,'2016-08-16 01:10:57','2016-08-16 01:12:50'),(103,' Enviar muestras de empaque a LGT (Chantelle) y Coordinar con Juan Mejía las comunicaciones con ellos para que generar enredos.',42,'2016-08-19 05:00:00',NULL,13,0,'2016-08-16 01:20:18','2016-08-16 01:24:32'),(104,' Criterios de Origen:',42,'2016-08-19 05:00:00',NULL,NULL,0,'2016-08-16 01:25:52','2016-08-16 01:26:10'),(105,' Revisión de artes finales Clientes',42,'2016-08-19 05:00:00',NULL,NULL,0,'2016-08-16 01:33:41','2016-08-16 01:39:44'),(106,' Equiori - Fedecacao:',37,'2016-08-05 05:00:00','2016-08-16 01:42:30',13,1,'2016-08-16 01:40:24','2016-08-16 01:42:14'),(107,'- Consolidado Producción Julio:',50,'2016-08-12 05:00:00','2016-08-16 02:19:57',13,1,'2016-08-16 01:45:00','2016-08-16 02:19:43'),(108,' Compra / solución Báscula.',50,'2016-08-19 05:00:00',NULL,13,0,'2016-08-16 02:19:11','2016-08-16 02:20:53'),(109,'Compra / Solución Selladoras Empaque:',50,'2016-08-12 05:00:00',NULL,13,0,'2016-08-16 02:21:10','2016-08-16 02:21:39'),(110,'10. - Aclaraciones a BCS:',50,'0000-00-00 00:00:00','2016-08-16 02:28:19',13,1,'2016-08-16 02:26:07','2016-08-16 02:28:03'),(112,'- Altromercato: confirmar dimensiones de las cajas y Pallet.',42,'2016-08-12 05:00:00',NULL,NULL,0,'2016-08-16 02:30:23','2016-08-16 02:31:22'),(113,' Envío Fichas técnicas Bolsa 35g a Nathalie: ',42,'2016-08-16 05:00:00',NULL,13,0,'2016-08-16 02:34:34','2016-08-16 02:37:39'),(114,'13. - Compromisos AMI',50,'2016-08-09 00:00:00',NULL,13,0,'2016-08-16 02:47:18','2016-08-16 02:48:28'),(115,'- REVISIÓN ARTES CLINTE EMIRATOS ARABES: ',40,'0000-00-00 00:00:00',NULL,13,0,'2016-08-16 02:52:45','2016-08-16 02:58:03'),(116,' Información nutricional MONTESANO: ',40,'0000-00-00 00:00:00','2016-08-16 03:00:00',13,1,'2016-08-16 02:58:51','2016-08-16 02:59:44'),(117,'MONTESANO: Javi.. hablar con Montesano, ',40,'2016-08-17 05:00:00',NULL,6,0,'2016-08-16 03:02:19','2016-08-16 03:02:42'),(118,'Revisión Artes OBELO.',40,'2016-08-24 05:00:00',NULL,13,0,'2016-08-16 03:08:33','2016-08-16 03:09:12'),(119,'Procesos Fedepanela.',40,'2016-08-19 05:00:00',NULL,13,0,'2016-08-16 03:10:54','2016-08-16 03:11:18'),(120,'Actualizar la lista del personal encargado  de la actividad HORA FELIZ y enviar propuesta  con una semana de anticipación para aprobación. ',66,'2016-08-19 05:00:00',NULL,12,0,'2016-08-19 14:25:28','2016-08-19 14:29:03'),(121,'entregar relacion cuentas por pagar',28,'0000-00-00 00:00:00',NULL,NULL,0,'2016-08-19 16:19:40','2016-08-19 16:50:22'),(122,'Envío de reportes de cuentas por pagar general y por áreas de la compañía.',67,'2016-08-19 05:00:00','2016-08-19 17:44:51',19,1,'2016-08-19 16:28:48','2016-08-19 17:44:38'),(123,'Enviar reporte de cartera de ventas nacionales y general ',68,'2016-08-26 05:00:00',NULL,20,0,'2016-08-19 16:39:06','2016-08-19 16:49:42'),(124,'solicitar   correo presupuesto  por rubros quincenal.',69,'2016-08-19 05:00:00',NULL,6,0,'2016-08-19 16:55:13','2016-08-19 16:56:40');
/*!40000 ALTER TABLE `tareas_areas_table` ENABLE KEYS */;
UNLOCK TABLES;

--
-- Table structure for table `usuarios_table`
--

DROP TABLE IF EXISTS `usuarios_table`;
/*!40101 SET @saved_cs_client     = @@character_set_client */;
/*!40101 SET character_set_client = utf8 */;
CREATE TABLE `usuarios_table` (
  `id` int(11) NOT NULL AUTO_INCREMENT,
  `nombre_usuario` varchar(45) NOT NULL,
  `email_usuario` varchar(45) NOT NULL,
  `perfil` varchar(45) DEFAULT NULL,
  `pwd` varchar(45) NOT NULL,
  `createdAt` timestamp NULL DEFAULT NULL,
  `updatedAt` timestamp NULL DEFAULT NULL,
  PRIMARY KEY (`id`)
) ENGINE=InnoDB AUTO_INCREMENT=27 DEFAULT CHARSET=latin1;
/*!40101 SET character_set_client = @saved_cs_client */;

--
-- Dumping data for table `usuarios_table`
--

LOCK TABLES `usuarios_table` WRITE;
/*!40000 ALTER TABLE `usuarios_table` DISABLE KEYS */;
INSERT INTO `usuarios_table` VALUES (5,'Enrique Salazar','enrique.salazar@gmail.com','666','123456',NULL,'2016-08-01 11:36:36'),(6,'Javier Vasquez','javier@fruandes.co','666','1234567890',NULL,'2016-07-30 15:28:16'),(7,'Jennifer Gonzalez','jennifer@fruandes.co','0','1234567890','0000-00-00 00:00:00','2016-08-01 11:37:03'),(8,'Mabel Paez','mabel@fruandes.co','1','1234567890',NULL,'2016-08-10 22:31:40'),(9,'Edisson Jaimes','edisson@fruandes.co','1','1234567890',NULL,'2016-08-01 01:32:39'),(10,'Stefanny Alcantara ','stefanny@fruandes.co','666','1234567890','2016-07-28 00:32:58','2016-08-11 23:02:19'),(11,'Giovanni Porras','giovanni@fruandes.co',NULL,'1234567890','2016-07-29 01:48:48','2016-08-08 17:09:55'),(12,'Janir Ledesma','janir@fruandes.co',NULL,'1234567890','2016-07-31 20:59:33','2016-07-31 20:59:33'),(13,'Fabio Barón','fabio@fruandes.co',NULL,'1234567890','2016-07-31 22:06:41','2016-07-31 22:06:41'),(14,'Juan David Mejía','juan@fruandes.co',NULL,'1234567890','2016-08-01 00:32:18','2016-08-01 00:32:18'),(15,'Germán Betancourt ','german@fruandes.co',NULL,'1234567890','2016-08-01 00:32:44','2016-08-10 23:07:27'),(16,'Jose Ignacio López','joseignacio@fruandes.co',NULL,'mariapaula2551','2016-08-10 20:02:34','2016-08-10 21:22:56'),(17,'Tatiana usme','tatiana.usme@fruandes.co',NULL,'1234567890','2016-08-10 22:39:16','2016-08-10 22:39:16'),(18,'Tatiana Bustos','tatiana@fruandes.co',NULL,'1234567890','2016-08-10 22:40:36','2016-08-10 22:40:36'),(19,'Juan Pablo Bayona','juanpablo@fruandes.co',NULL,'1234567890','2016-08-10 22:41:40','2016-08-10 22:41:40'),(20,'Giset Llano','giset@fruandes.co',NULL,'1234567890','2016-08-10 22:42:30','2016-08-10 22:42:30'),(21,'Ana Suarez','ana@fruandes.co',NULL,'1234567890','2016-08-10 22:43:49','2016-08-10 22:43:49'),(22,'Neidhy Lopez','neidhy@fruandes.co',NULL,'1234567890','2016-08-10 22:46:47','2016-08-10 22:46:47'),(23,'Jairo Gallego','jairo@fruandes.co',NULL,'1234567890','2016-08-10 22:48:58','2016-08-10 22:48:58'),(24,'yasmin Sanchez','yasmin@fruandes.co',NULL,'1234567890','2016-08-10 22:51:24','2016-08-10 22:51:24'),(25,'Daniel Villarroel','daniel@guarinvillarroel.com',NULL,'1234567890','2016-08-11 15:39:13','2016-08-11 15:39:13'),(26,'Jesus González','jesus.gonzalez@gecofi.co',NULL,'1234567890','2016-08-11 15:40:48','2016-08-11 15:40:48');
/*!40000 ALTER TABLE `usuarios_table` ENABLE KEYS */;
UNLOCK TABLES;
/*!40103 SET TIME_ZONE=@OLD_TIME_ZONE */;

/*!40101 SET SQL_MODE=@OLD_SQL_MODE */;
/*!40014 SET FOREIGN_KEY_CHECKS=@OLD_FOREIGN_KEY_CHECKS */;
/*!40014 SET UNIQUE_CHECKS=@OLD_UNIQUE_CHECKS */;
/*!40101 SET CHARACTER_SET_CLIENT=@OLD_CHARACTER_SET_CLIENT */;
/*!40101 SET CHARACTER_SET_RESULTS=@OLD_CHARACTER_SET_RESULTS */;
/*!40101 SET COLLATION_CONNECTION=@OLD_COLLATION_CONNECTION */;
/*!40111 SET SQL_NOTES=@OLD_SQL_NOTES */;

-- Dump completed on 2016-08-22  9:35:45
